<metadata xml:lang="en"><Esri><CreaDate>20220114</CreaDate><CreaTime>17503700</CreaTime><ArcGISFormat>1.0</ArcGISFormat><SyncOnce>FALSE</SyncOnce><DataProperties><lineage><Process ToolSource="c:\program files\arcgis\pro\Resources\ArcToolbox\toolboxes\Conversion Tools.tbx\FeatureClassToFeatureClass" Date="20220114" Time="175037">FeatureClassToFeatureClass BGRoadsOfficial C:\Users\ekh37\Desktop\uri\uritest\Default.gdb RoadsWithDuplicates # "FID_ROADSFINAL "FID_ROADSFINAL" true true false 4 Long 0 0,First,#,BGRoadsOfficial,BGRoadsOfficial.FID_ROADSFINAL,-1,-1;LINEARID "LINEARID" true true false 22 Text 0 0,First,#,BGRoadsOfficial,BGRoadsOfficial.LINEARID,0,22;FULLNAME "FULLNAME" true true false 100 Text 0 0,First,#,BGRoadsOfficial,BGRoadsOfficial.FULLNAME,0,100;RTTYP "RTTYP" true true false 1 Text 0 0,First,#,BGRoadsOfficial,BGRoadsOfficial.RTTYP,0,1;MTFCC "MTFCC" true true false 5 Text 0 0,First,#,BGRoadsOfficial,BGRoadsOfficial.MTFCC,0,5;ORIG_FID "ORIG_FID" true true false 4 Long 0 0,First,#,BGRoadsOfficial,BGRoadsOfficial.ORIG_FID,-1,-1;Incl "Incl" true true false 4 Float 0 0,First,#,BGRoadsOfficial,BGRoadsOfficial.Incl,-1,-1;STATEFP "STATEFP" true true false 2 Text 0 0,First,#,BGRoadsOfficial,BGRoadsOfficial.STATEFP,0,2;COUNTYFP "COUNTYFP" true true false 3 Text 0 0,First,#,BGRoadsOfficial,BGRoadsOfficial.COUNTYFP,0,3;TRACTCE "TRACTCE" true true false 6 Text 0 0,First,#,BGRoadsOfficial,BGRoadsOfficial.TRACTCE,0,6;BLKGRPCE "BLKGRPCE" true true false 1 Text 0 0,First,#,BGRoadsOfficial,BGRoadsOfficial.BLKGRPCE,0,1;GEOID "GEOID" true true false 12 Text 0 0,First,#,BGRoadsOfficial,BGRoadsOfficial.GEOID,0,12;NAMELSAD "NAMELSAD" true true false 13 Text 0 0,First,#,BGRoadsOfficial,BGRoadsOfficial.NAMELSAD,0,13;MTFCC_1 "MTFCC" true true false 5 Text 0 0,First,#,BGRoadsOfficial,BGRoadsOfficial.MTFCC_1,0,5;FUNCSTAT "FUNCSTAT" true true false 1 Text 0 0,First,#,BGRoadsOfficial,BGRoadsOfficial.FUNCSTAT,0,1;ALAND "ALAND" true true false 8 Double 0 0,First,#,BGRoadsOfficial,BGRoadsOfficial.ALAND,-1,-1;AWATER "AWATER" true true false 8 Double 0 0,First,#,BGRoadsOfficial,BGRoadsOfficial.AWATER,-1,-1;INTPTLAT "INTPTLAT" true true false 11 Text 0 0,First,#,BGRoadsOfficial,BGRoadsOfficial.INTPTLAT,0,11;INTPTLON "INTPTLON" true true false 12 Text 0 0,First,#,BGRoadsOfficial,BGRoadsOfficial.INTPTLON,0,12;GEOID_Data "GEOID_Data" true true false 255 Text 0 0,First,#,BGRoadsOfficial,BGRoadsOfficial.GEOID_Data,0,255;MileLength "MileLength" true true false 4 Float 0 0,First,#,BGRoadsOfficial,BGRoadsOfficial.MileLength,-1,-1;SUMLength "SUMLength" true true false 4 Float 0 0,First,#,BGRoadsOfficial,BGRoadsOfficial.SUMLength,-1,-1;Shape_Length "Shape_Length" false true true 8 Double 0 0,First,#,BGRoadsOfficial,BGRoadsOfficial.Shape_Length,-1,-1;TreeCount "FREQUENCY" true true false 4 Long 0 0,First,#,BGRoadsOfficial,BGRoadsOfficial.TreeCount,-1,-1;OBJECTID "OBJECTID" false true false 4 Long 0 9,First,#,BGRoadsOfficial,BGRoadsOfficial_FindIdentica.OBJECTID,-1,-1;IN_FID "IN_FID" true true false 4 Long 0 0,First,#,BGRoadsOfficial,BGRoadsOfficial_FindIdentica.IN_FID,-1,-1;FEAT_SEQ "FEAT_SEQ" true true false 4 Long 0 0,First,#,BGRoadsOfficial,BGRoadsOfficial_FindIdentica.FEAT_SEQ,-1,-1" #</Process><Process ToolSource="c:\program files\arcgis\pro\Resources\ArcToolbox\toolboxes\Data Management Tools.tbx\CalculateField" Date="20220114" Time="175553">CalculateField RoadsWithDuplicates FEAT_SEQ 0 "Python 3" # Text NO_ENFORCE_DOMAINS</Process><Process ToolSource="c:\program files\arcgis\pro\Resources\ArcToolbox\toolboxes\Data Management Tools.tbx\UpdateSchema" Date="20220114" Time="215904">UpdateSchema "CIMDATA=&lt;CIMStandardDataConnection xsi:type='typens:CIMStandardDataConnection' xmlns:xsi='http://www.w3.org/2001/XMLSchema-instance' xmlns:xs='http://www.w3.org/2001/XMLSchema' xmlns:typens='http://www.esri.com/schemas/ArcGIS/2.8.0'&gt;&lt;WorkspaceConnectionString&gt;DATABASE=C:\Users\ekh37\Desktop\uri\uritest\Default.gdb&lt;/WorkspaceConnectionString&gt;&lt;WorkspaceFactory&gt;FileGDB&lt;/WorkspaceFactory&gt;&lt;Dataset&gt;RoadsWithDuplicates&lt;/Dataset&gt;&lt;DatasetType&gt;esriDTFeatureClass&lt;/DatasetType&gt;&lt;/CIMStandardDataConnection&gt;" &lt;operationSequence&gt;&lt;workflow&gt;&lt;AddField&gt;&lt;field_name&gt;NewSEQ&lt;/field_name&gt;&lt;field_type&gt;LONG&lt;/field_type&gt;&lt;field_alias&gt;NewSEQ&lt;/field_alias&gt;&lt;field_is_nullable&gt;True&lt;/field_is_nullable&gt;&lt;field_is_required&gt;False&lt;/field_is_required&gt;&lt;/AddField&gt;&lt;/workflow&gt;&lt;/operationSequence&gt;</Process><Process ToolSource="c:\program files\arcgis\pro\Resources\ArcToolbox\toolboxes\Data Management Tools.tbx\CalculateField" Date="20220114" Time="220202">CalculateField RoadsWithDuplicates NewSEQ !FEAT_SEQ! "Python 3" # Text NO_ENFORCE_DOMAINS</Process><Process ToolSource="c:\program files\arcgis\pro\Resources\ArcToolbox\toolboxes\Conversion Tools.tbx\FeatureClassToFeatureClass" Date="20220114" Time="222210">FeatureClassToFeatureClass RoadsWithDuplicates C:\Users\ekh37\Desktop\uri\uritest\Default.gdb Roadsjustincase # "FID_ROADSFINAL "FID_ROADSFINAL" true true false 4 Long 0 0,First,#,RoadsWithDuplicates,FID_ROADSFINAL,-1,-1;LINEARID "LINEARID" true true false 22 Text 0 0,First,#,RoadsWithDuplicates,LINEARID,0,22;FULLNAME "FULLNAME" true true false 100 Text 0 0,First,#,RoadsWithDuplicates,FULLNAME,0,100;RTTYP "RTTYP" true true false 1 Text 0 0,First,#,RoadsWithDuplicates,RTTYP,0,1;MTFCC "MTFCC" true true false 5 Text 0 0,First,#,RoadsWithDuplicates,MTFCC,0,5;ORIG_FID "ORIG_FID" true true false 4 Long 0 0,First,#,RoadsWithDuplicates,ORIG_FID,-1,-1;Incl "Incl" true true false 4 Float 0 0,First,#,RoadsWithDuplicates,Incl,-1,-1;STATEFP "STATEFP" true true false 2 Text 0 0,First,#,RoadsWithDuplicates,STATEFP,0,2;COUNTYFP "COUNTYFP" true true false 3 Text 0 0,First,#,RoadsWithDuplicates,COUNTYFP,0,3;TRACTCE "TRACTCE" true true false 6 Text 0 0,First,#,RoadsWithDuplicates,TRACTCE,0,6;BLKGRPCE "BLKGRPCE" true true false 1 Text 0 0,First,#,RoadsWithDuplicates,BLKGRPCE,0,1;GEOID "GEOID" true true false 12 Text 0 0,First,#,RoadsWithDuplicates,GEOID,0,12;NAMELSAD "NAMELSAD" true true false 13 Text 0 0,First,#,RoadsWithDuplicates,NAMELSAD,0,13;MTFCC_1 "MTFCC" true true false 5 Text 0 0,First,#,RoadsWithDuplicates,MTFCC_1,0,5;FUNCSTAT "FUNCSTAT" true true false 1 Text 0 0,First,#,RoadsWithDuplicates,FUNCSTAT,0,1;ALAND "ALAND" true true false 8 Double 0 0,First,#,RoadsWithDuplicates,ALAND,-1,-1;AWATER "AWATER" true true false 8 Double 0 0,First,#,RoadsWithDuplicates,AWATER,-1,-1;INTPTLAT "INTPTLAT" true true false 11 Text 0 0,First,#,RoadsWithDuplicates,INTPTLAT,0,11;INTPTLON "INTPTLON" true true false 12 Text 0 0,First,#,RoadsWithDuplicates,INTPTLON,0,12;GEOID_Data "GEOID_Data" true true false 255 Text 0 0,First,#,RoadsWithDuplicates,GEOID_Data,0,255;MileLength "MileLength" true true false 4 Float 0 0,First,#,RoadsWithDuplicates,MileLength,-1,-1;SUMLength "SUMLength" true true false 4 Float 0 0,First,#,RoadsWithDuplicates,SUMLength,-1,-1;TreeCount "FREQUENCY" true true false 4 Long 0 0,First,#,RoadsWithDuplicates,TreeCount,-1,-1;OBJECTID "OBJECTID" true true false 4 Long 0 0,First,#,RoadsWithDuplicates,OBJECTID,-1,-1;IN_FID "IN_FID" true true false 4 Long 0 0,First,#,RoadsWithDuplicates,IN_FID,-1,-1;FEAT_SEQ "FEAT_SEQ" true true false 4 Long 0 0,First,#,RoadsWithDuplicates,FEAT_SEQ,-1,-1;Shape_Length "Shape_Length" false true true 8 Double 0 0,First,#,RoadsWithDuplicates,Shape_Length,-1,-1;NewSEQ "NewSEQ" true true false 4 Long 0 0,First,#,RoadsWithDuplicates,NewSEQ,-1,-1" #</Process><Process ToolSource="c:\program files\arcgis\pro\Resources\ArcToolbox\toolboxes\Conversion Tools.tbx\FeatureClassToFeatureClass" Date="20220114" Time="222458">FeatureClassToFeatureClass Roadsjustincase C:\Users\ekh37\Desktop\uri\uritest\Default.gdb RoadsDuplicates # "FID_ROADSFINAL "FID_ROADSFINAL" true true false 4 Long 0 0,First,#,Roadsjustincase,FID_ROADSFINAL,-1,-1;LINEARID "LINEARID" true true false 22 Text 0 0,First,#,Roadsjustincase,LINEARID,0,22;FULLNAME "FULLNAME" true true false 100 Text 0 0,First,#,Roadsjustincase,FULLNAME,0,100;RTTYP "RTTYP" true true false 1 Text 0 0,First,#,Roadsjustincase,RTTYP,0,1;MTFCC "MTFCC" true true false 5 Text 0 0,First,#,Roadsjustincase,MTFCC,0,5;ORIG_FID "ORIG_FID" true true false 4 Long 0 0,First,#,Roadsjustincase,ORIG_FID,-1,-1;Incl "Incl" true true false 4 Float 0 0,First,#,Roadsjustincase,Incl,-1,-1;STATEFP "STATEFP" true true false 2 Text 0 0,First,#,Roadsjustincase,STATEFP,0,2;COUNTYFP "COUNTYFP" true true false 3 Text 0 0,First,#,Roadsjustincase,COUNTYFP,0,3;TRACTCE "TRACTCE" true true false 6 Text 0 0,First,#,Roadsjustincase,TRACTCE,0,6;BLKGRPCE "BLKGRPCE" true true false 1 Text 0 0,First,#,Roadsjustincase,BLKGRPCE,0,1;GEOID "GEOID" true true false 12 Text 0 0,First,#,Roadsjustincase,GEOID,0,12;NAMELSAD "NAMELSAD" true true false 13 Text 0 0,First,#,Roadsjustincase,NAMELSAD,0,13;MTFCC_1 "MTFCC" true true false 5 Text 0 0,First,#,Roadsjustincase,MTFCC_1,0,5;FUNCSTAT "FUNCSTAT" true true false 1 Text 0 0,First,#,Roadsjustincase,FUNCSTAT,0,1;ALAND "ALAND" true true false 8 Double 0 0,First,#,Roadsjustincase,ALAND,-1,-1;AWATER "AWATER" true true false 8 Double 0 0,First,#,Roadsjustincase,AWATER,-1,-1;INTPTLAT "INTPTLAT" true true false 11 Text 0 0,First,#,Roadsjustincase,INTPTLAT,0,11;INTPTLON "INTPTLON" true true false 12 Text 0 0,First,#,Roadsjustincase,INTPTLON,0,12;GEOID_Data "GEOID_Data" true true false 255 Text 0 0,First,#,Roadsjustincase,GEOID_Data,0,255;MileLength "MileLength" true true false 4 Float 0 0,First,#,Roadsjustincase,MileLength,-1,-1;SUMLength "SUMLength" true true false 4 Float 0 0,First,#,Roadsjustincase,SUMLength,-1,-1;TreeCount "FREQUENCY" true true false 4 Long 0 0,First,#,Roadsjustincase,TreeCount,-1,-1;OBJECTID "OBJECTID" true true false 4 Long 0 0,First,#,Roadsjustincase,OBJECTID,-1,-1;IN_FID "IN_FID" true true false 4 Long 0 0,First,#,Roadsjustincase,IN_FID,-1,-1;FEAT_SEQ "FEAT_SEQ" true true false 4 Long 0 0,First,#,Roadsjustincase,FEAT_SEQ,-1,-1;NewSEQ "NewSEQ" true true false 4 Long 0 0,First,#,Roadsjustincase,NewSEQ,-1,-1;Shape_Length "Shape_Length" false true true 8 Double 0 0,First,#,Roadsjustincase,Shape_Length,-1,-1" #</Process><Process ToolSource="c:\program files\arcgis\pro\Resources\ArcToolbox\toolboxes\Data Management Tools.tbx\DeleteIdentical" Date="20220114" Time="222753">DeleteIdentical RoadsDuplicates NewSEQ # 0</Process><Process ToolSource="c:\program files\arcgis\pro\Resources\ArcToolbox\toolboxes\Data Management Tools.tbx\CalculateGeometryAttributes" Date="20220114" Time="222912">CalculateGeometryAttributes RoadsDuplicates "MileLength LENGTH_GEODESIC" "Miles (United States)" # PROJCS["NAD_1983_2011_StatePlane_Connecticut_FIPS_0600_Ft_US",GEOGCS["GCS_NAD_1983_2011",DATUM["D_NAD_1983_2011",SPHEROID["GRS_1980",6378137.0,298.257222101]],PRIMEM["Greenwich",0.0],UNIT["Degree",0.0174532925199433]],PROJECTION["Lambert_Conformal_Conic"],PARAMETER["False_Easting",999999.999996],PARAMETER["False_Northing",499999.999998],PARAMETER["Central_Meridian",-72.75],PARAMETER["Standard_Parallel_1",41.2],PARAMETER["Standard_Parallel_2",41.86666666666667],PARAMETER["Latitude_Of_Origin",40.83333333333334],UNIT["Foot_US",0.3048006096012192]] "Same as input"</Process><Process ToolSource="c:\program files\arcgis\pro\Resources\ArcToolbox\toolboxes\Conversion Tools.tbx\FeatureClassToFeatureClass" Date="20220128" Time="215542">FeatureClassToFeatureClass RoadsDuplicates C:\Users\ekh37\Desktop\uri\uritest\Default.gdb URI_Roads_No_Highways_Jan2022 # "FID_ROADSFINAL "FID_ROADSFINAL" true true false 4 Long 0 0,First,#,RoadsDuplicates,FID_ROADSFINAL,-1,-1;LINEARID "LINEARID" true true false 22 Text 0 0,First,#,RoadsDuplicates,LINEARID,0,22;FULLNAME "FULLNAME" true true false 100 Text 0 0,First,#,RoadsDuplicates,FULLNAME,0,100;RTTYP "RTTYP" true true false 1 Text 0 0,First,#,RoadsDuplicates,RTTYP,0,1;MTFCC "MTFCC" true true false 5 Text 0 0,First,#,RoadsDuplicates,MTFCC,0,5;ORIG_FID "ORIG_FID" true true false 4 Long 0 0,First,#,RoadsDuplicates,ORIG_FID,-1,-1;Incl "Incl" true true false 4 Float 0 0,First,#,RoadsDuplicates,Incl,-1,-1;STATEFP "STATEFP" true true false 2 Text 0 0,First,#,RoadsDuplicates,STATEFP,0,2;COUNTYFP "COUNTYFP" true true false 3 Text 0 0,First,#,RoadsDuplicates,COUNTYFP,0,3;TRACTCE "TRACTCE" true true false 6 Text 0 0,First,#,RoadsDuplicates,TRACTCE,0,6;BLKGRPCE "BLKGRPCE" true true false 1 Text 0 0,First,#,RoadsDuplicates,BLKGRPCE,0,1;GEOID "GEOID" true true false 12 Text 0 0,First,#,RoadsDuplicates,GEOID,0,12;NAMELSAD "NAMELSAD" true true false 13 Text 0 0,First,#,RoadsDuplicates,NAMELSAD,0,13;MTFCC_1 "MTFCC" true true false 5 Text 0 0,First,#,RoadsDuplicates,MTFCC_1,0,5;FUNCSTAT "FUNCSTAT" true true false 1 Text 0 0,First,#,RoadsDuplicates,FUNCSTAT,0,1;ALAND "ALAND" true true false 8 Double 0 0,First,#,RoadsDuplicates,ALAND,-1,-1;AWATER "AWATER" true true false 8 Double 0 0,First,#,RoadsDuplicates,AWATER,-1,-1;INTPTLAT "INTPTLAT" true true false 11 Text 0 0,First,#,RoadsDuplicates,INTPTLAT,0,11;INTPTLON "INTPTLON" true true false 12 Text 0 0,First,#,RoadsDuplicates,INTPTLON,0,12;GEOID_Data "GEOID_Data" true true false 255 Text 0 0,First,#,RoadsDuplicates,GEOID_Data,0,255;MileLength "MileLength" true true false 4 Float 0 0,First,#,RoadsDuplicates,MileLength,-1,-1;SUMLength "SUMLength" true true false 4 Float 0 0,First,#,RoadsDuplicates,SUMLength,-1,-1;TreeCount "FREQUENCY" true true false 4 Long 0 0,First,#,RoadsDuplicates,TreeCount,-1,-1;OBJECTID "OBJECTID" true true false 4 Long 0 0,First,#,RoadsDuplicates,OBJECTID,-1,-1;IN_FID "IN_FID" true true false 4 Long 0 0,First,#,RoadsDuplicates,IN_FID,-1,-1;FEAT_SEQ "FEAT_SEQ" true true false 4 Long 0 0,First,#,RoadsDuplicates,FEAT_SEQ,-1,-1;NewSEQ "NewSEQ" true true false 4 Long 0 0,First,#,RoadsDuplicates,NewSEQ,-1,-1;Shape_Length "Shape_Length" false true true 8 Double 0 0,First,#,RoadsDuplicates,Shape_Length,-1,-1" #</Process><Process ToolSource="c:\program files\arcgis\pro\Resources\ArcToolbox\toolboxes\Data Management Tools.tbx\CopyFeatures" Date="20220128" Time="220546">CopyFeatures URI_Roads_No_Highways_Jan2022 C:\Users\ekh37\Desktop\URI_Roads\URI_Roads_No_Highways_Jan2022.shp # # # #</Process></lineage><itemProps><itemName Sync="TRUE">URI_Roads_No_Highways_Jan2022</itemName><imsContentType Sync="TRUE">002</imsContentType><itemLocation><linkage Sync="TRUE">file://\\wvd-arcgis-7\C$\Users\ekh37\Desktop\URI_Roads\URI_Roads_No_Highways_Jan2022.shp</linkage><protocol Sync="TRUE">Local Area Network</protocol></itemLocation><itemSize Sync="TRUE">0.000</itemSize></itemProps><coordRef><type Sync="TRUE">Geographic</type><geogcsn Sync="TRUE">GCS_North_American_1983</geogcsn><csUnits Sync="TRUE">Angular Unit: Degree (0.017453)</csUnits><peXml Sync="TRUE">&lt;GeographicCoordinateSystem xsi:type='typens:GeographicCoordinateSystem' xmlns:xsi='http://www.w3.org/2001/XMLSchema-instance' xmlns:xs='http://www.w3.org/2001/XMLSchema' xmlns:typens='http://www.esri.com/schemas/ArcGIS/2.8.0'&gt;&lt;WKT&gt;GEOGCS[&amp;quot;GCS_North_American_1983&amp;quot;,DATUM[&amp;quot;D_North_American_1983&amp;quot;,SPHEROID[&amp;quot;GRS_1980&amp;quot;,6378137.0,298.257222101]],PRIMEM[&amp;quot;Greenwich&amp;quot;,0.0],UNIT[&amp;quot;Degree&amp;quot;,0.0174532925199433],AUTHORITY[&amp;quot;EPSG&amp;quot;,4269]]&lt;/WKT&gt;&lt;XOrigin&gt;-400&lt;/XOrigin&gt;&lt;YOrigin&gt;-400&lt;/YOrigin&gt;&lt;XYScale&gt;11258999068426.238&lt;/XYScale&gt;&lt;ZOrigin&gt;-100000&lt;/ZOrigin&gt;&lt;ZScale&gt;10000&lt;/ZScale&gt;&lt;MOrigin&gt;-100000&lt;/MOrigin&gt;&lt;MScale&gt;10000&lt;/MScale&gt;&lt;XYTolerance&gt;8.983152841195215e-09&lt;/XYTolerance&gt;&lt;ZTolerance&gt;0.001&lt;/ZTolerance&gt;&lt;MTolerance&gt;0.001&lt;/MTolerance&gt;&lt;HighPrecision&gt;true&lt;/HighPrecision&gt;&lt;LeftLongitude&gt;-180&lt;/LeftLongitude&gt;&lt;WKID&gt;4269&lt;/WKID&gt;&lt;LatestWKID&gt;4269&lt;/LatestWKID&gt;&lt;/GeographicCoordinateSystem&gt;</peXml></coordRef></DataProperties><SyncDate>20220128</SyncDate><SyncTime>22054500</SyncTime><ModDate>20220128</ModDate><ModTime>22054500</ModTime></Esri><dataIdInfo><envirDesc Sync="TRUE">Microsoft Windows Server 2016 Technical Preview Version 10.0 (Build 19042) ; Esri ArcGIS 12.8.0.29751</envirDesc><dataLang><languageCode value="eng" Sync="TRUE"></languageCode><countryCode value="USA" Sync="TRUE"></countryCode></dataLang><idCitation><resTitle Sync="TRUE">URI_Roads_No_Highways_Jan2022</resTitle><presForm><PresFormCd value="005" Sync="TRUE"></PresFormCd></presForm></idCitation><spatRpType><SpatRepTypCd value="001" Sync="TRUE"></SpatRepTypCd></spatRpType></dataIdInfo><mdLang><languageCode value="eng" Sync="TRUE"></languageCode><countryCode value="USA" Sync="TRUE"></countryCode></mdLang><distInfo><distFormat><formatName Sync="TRUE">Shapefile</formatName></distFormat><distTranOps><transSize Sync="TRUE">0.000</transSize></distTranOps></distInfo><mdHrLv><ScopeCd value="005" Sync="TRUE"></ScopeCd></mdHrLv><mdHrLvName Sync="TRUE">dataset</mdHrLvName><refSysInfo><RefSystem><refSysID><identCode code="4269" Sync="TRUE"></identCode><idCodeSpace Sync="TRUE">EPSG</idCodeSpace><idVersion Sync="TRUE">6.5(3.0.1)</idVersion></refSysID></RefSystem></refSysInfo><spatRepInfo><VectSpatRep><geometObjs Name="URI_Roads_No_Highways_Jan2022"><geoObjTyp><GeoObjTypCd value="002" Sync="TRUE"></GeoObjTypCd></geoObjTyp><geoObjCnt Sync="TRUE">0</geoObjCnt></geometObjs><topLvl><TopoLevCd value="001" Sync="TRUE"></TopoLevCd></topLvl></VectSpatRep></spatRepInfo><spdoinfo><ptvctinf><esriterm Name="URI_Roads_No_Highways_Jan2022"><efeatyp Sync="TRUE">Simple</efeatyp><efeageom code="3" Sync="TRUE"></efeageom><esritopo Sync="TRUE">FALSE</esritopo><efeacnt Sync="TRUE">0</efeacnt><spindex Sync="TRUE">FALSE</spindex><linrefer Sync="TRUE">FALSE</linrefer></esriterm></ptvctinf></spdoinfo><eainfo><detailed Name="URI_Roads_No_Highways_Jan2022"><enttyp><enttypl Sync="TRUE">URI_Roads_No_Highways_Jan2022</enttypl><enttypt Sync="TRUE">Feature Class</enttypt><enttypc Sync="TRUE">0</enttypc></enttyp><attr><attrlabl Sync="TRUE">FID</attrlabl><attalias Sync="TRUE">FID</attalias><attrtype Sync="TRUE">OID</attrtype><attwidth Sync="TRUE">4</attwidth><atprecis Sync="TRUE">0</atprecis><attscale Sync="TRUE">0</attscale><attrdef Sync="TRUE">Internal feature number.</attrdef><attrdefs Sync="TRUE">Esri</attrdefs><attrdomv><udom Sync="TRUE">Sequential unique whole numbers that are automatically generated.</udom></attrdomv></attr><attr><attrlabl Sync="TRUE">Shape</attrlabl><attalias Sync="TRUE">Shape</attalias><attrtype Sync="TRUE">Geometry</attrtype><attwidth Sync="TRUE">0</attwidth><atprecis Sync="TRUE">0</atprecis><attscale Sync="TRUE">0</attscale><attrdef Sync="TRUE">Feature geometry.</attrdef><attrdefs Sync="TRUE">Esri</attrdefs><attrdomv><udom Sync="TRUE">Coordinates defining the features.</udom></attrdomv></attr><attr><attrlabl Sync="TRUE">FID_ROADSF</attrlabl><attalias Sync="TRUE">FID_ROADSF</attalias><attrtype Sync="TRUE">Integer</attrtype><attwidth Sync="TRUE">10</attwidth><atprecis Sync="TRUE">10</atprecis><attscale Sync="TRUE">0</attscale></attr><attr><attrlabl Sync="TRUE">LINEARID</attrlabl><attalias Sync="TRUE">LINEARID</attalias><attrtype Sync="TRUE">String</attrtype><attwidth Sync="TRUE">22</attwidth><atprecis Sync="TRUE">0</atprecis><attscale Sync="TRUE">0</attscale></attr><attr><attrlabl Sync="TRUE">FULLNAME</attrlabl><attalias Sync="TRUE">FULLNAME</attalias><attrtype Sync="TRUE">String</attrtype><attwidth Sync="TRUE">100</attwidth><atprecis Sync="TRUE">0</atprecis><attscale Sync="TRUE">0</attscale></attr><attr><attrlabl Sync="TRUE">RTTYP</attrlabl><attalias Sync="TRUE">RTTYP</attalias><attrtype Sync="TRUE">String</attrtype><attwidth Sync="TRUE">1</attwidth><atprecis Sync="TRUE">0</atprecis><attscale Sync="TRUE">0</attscale></attr><attr><attrlabl Sync="TRUE">MTFCC</attrlabl><attalias Sync="TRUE">MTFCC</attalias><attrtype Sync="TRUE">String</attrtype><attwidth Sync="TRUE">5</attwidth><atprecis Sync="TRUE">0</atprecis><attscale Sync="TRUE">0</attscale></attr><attr><attrlabl Sync="TRUE">ORIG_FID</attrlabl><attalias Sync="TRUE">ORIG_FID</attalias><attrtype Sync="TRUE">Integer</attrtype><attwidth Sync="TRUE">10</attwidth><atprecis Sync="TRUE">10</atprecis><attscale Sync="TRUE">0</attscale></attr><attr><attrlabl Sync="TRUE">Incl</attrlabl><attalias Sync="TRUE">Incl</attalias><attrtype Sync="TRUE">Single</attrtype><attwidth Sync="TRUE">13</attwidth><atprecis Sync="TRUE">0</atprecis><attscale Sync="TRUE">0</attscale></attr><attr><attrlabl Sync="TRUE">STATEFP</attrlabl><attalias Sync="TRUE">STATEFP</attalias><attrtype Sync="TRUE">String</attrtype><attwidth Sync="TRUE">2</attwidth><atprecis Sync="TRUE">0</atprecis><attscale Sync="TRUE">0</attscale></attr><attr><attrlabl Sync="TRUE">COUNTYFP</attrlabl><attalias Sync="TRUE">COUNTYFP</attalias><attrtype Sync="TRUE">String</attrtype><attwidth Sync="TRUE">3</attwidth><atprecis Sync="TRUE">0</atprecis><attscale Sync="TRUE">0</attscale></attr><attr><attrlabl Sync="TRUE">TRACTCE</attrlabl><attalias Sync="TRUE">TRACTCE</attalias><attrtype Sync="TRUE">String</attrtype><attwidth Sync="TRUE">6</attwidth><atprecis Sync="TRUE">0</atprecis><attscale Sync="TRUE">0</attscale></attr><attr><attrlabl Sync="TRUE">BLKGRPCE</attrlabl><attalias Sync="TRUE">BLKGRPCE</attalias><attrtype Sync="TRUE">String</attrtype><attwidth Sync="TRUE">1</attwidth><atprecis Sync="TRUE">0</atprecis><attscale Sync="TRUE">0</attscale></attr><attr><attrlabl Sync="TRUE">GEOID</attrlabl><attalias Sync="TRUE">GEOID</attalias><attrtype Sync="TRUE">String</attrtype><attwidth Sync="TRUE">12</attwidth><atprecis Sync="TRUE">0</atprecis><attscale Sync="TRUE">0</attscale></attr><attr><attrlabl Sync="TRUE">NAMELSAD</attrlabl><attalias Sync="TRUE">NAMELSAD</attalias><attrtype Sync="TRUE">String</attrtype><attwidth Sync="TRUE">13</attwidth><atprecis Sync="TRUE">0</atprecis><attscale Sync="TRUE">0</attscale></attr><attr><attrlabl Sync="TRUE">MTFCC_1</attrlabl><attalias Sync="TRUE">MTFCC_1</attalias><attrtype Sync="TRUE">String</attrtype><attwidth Sync="TRUE">5</attwidth><atprecis Sync="TRUE">0</atprecis><attscale Sync="TRUE">0</attscale></attr><attr><attrlabl Sync="TRUE">FUNCSTAT</attrlabl><attalias Sync="TRUE">FUNCSTAT</attalias><attrtype Sync="TRUE">String</attrtype><attwidth Sync="TRUE">1</attwidth><atprecis Sync="TRUE">0</atprecis><attscale Sync="TRUE">0</attscale></attr><attr><attrlabl Sync="TRUE">ALAND</attrlabl><attalias Sync="TRUE">ALAND</attalias><attrtype Sync="TRUE">Double</attrtype><attwidth Sync="TRUE">19</attwidth><atprecis Sync="TRUE">0</atprecis><attscale Sync="TRUE">0</attscale></attr><attr><attrlabl Sync="TRUE">AWATER</attrlabl><attalias Sync="TRUE">AWATER</attalias><attrtype Sync="TRUE">Double</attrtype><attwidth Sync="TRUE">19</attwidth><atprecis Sync="TRUE">0</atprecis><attscale Sync="TRUE">0</attscale></attr><attr><attrlabl Sync="TRUE">INTPTLAT</attrlabl><attalias Sync="TRUE">INTPTLAT</attalias><attrtype Sync="TRUE">String</attrtype><attwidth Sync="TRUE">11</attwidth><atprecis Sync="TRUE">0</atprecis><attscale Sync="TRUE">0</attscale></attr><attr><attrlabl Sync="TRUE">INTPTLON</attrlabl><attalias Sync="TRUE">INTPTLON</attalias><attrtype Sync="TRUE">String</attrtype><attwidth Sync="TRUE">12</attwidth><atprecis Sync="TRUE">0</atprecis><attscale Sync="TRUE">0</attscale></attr><attr><attrlabl Sync="TRUE">GEOID_Data</attrlabl><attalias Sync="TRUE">GEOID_Data</attalias><attrtype Sync="TRUE">String</attrtype><attwidth Sync="TRUE">254</attwidth><atprecis Sync="TRUE">0</atprecis><attscale Sync="TRUE">0</attscale></attr><attr><attrlabl Sync="TRUE">MileLength</attrlabl><attalias Sync="TRUE">MileLength</attalias><attrtype Sync="TRUE">Single</attrtype><attwidth Sync="TRUE">13</attwidth><atprecis Sync="TRUE">0</atprecis><attscale Sync="TRUE">0</attscale></attr><attr><attrlabl Sync="TRUE">SUMLength</attrlabl><attalias Sync="TRUE">SUMLength</attalias><attrtype Sync="TRUE">Single</attrtype><attwidth Sync="TRUE">13</attwidth><atprecis Sync="TRUE">0</atprecis><attscale Sync="TRUE">0</attscale></attr><attr><attrlabl Sync="TRUE">TreeCount</attrlabl><attalias Sync="TRUE">TreeCount</attalias><attrtype Sync="TRUE">Integer</attrtype><attwidth Sync="TRUE">10</attwidth><atprecis Sync="TRUE">10</atprecis><attscale Sync="TRUE">0</attscale></attr><attr><attrlabl Sync="TRUE">OBJECTID</attrlabl><attalias Sync="TRUE">OBJECTID</attalias><attrtype Sync="TRUE">Integer</attrtype><attwidth Sync="TRUE">10</attwidth><atprecis Sync="TRUE">10</atprecis><attscale Sync="TRUE">0</attscale></attr><attr><attrlabl Sync="TRUE">IN_FID</attrlabl><attalias Sync="TRUE">IN_FID</attalias><attrtype Sync="TRUE">Integer</attrtype><attwidth Sync="TRUE">10</attwidth><atprecis Sync="TRUE">10</atprecis><attscale Sync="TRUE">0</attscale></attr><attr><attrlabl Sync="TRUE">FEAT_SEQ</attrlabl><attalias Sync="TRUE">FEAT_SEQ</attalias><attrtype Sync="TRUE">Integer</attrtype><attwidth Sync="TRUE">10</attwidth><atprecis Sync="TRUE">10</atprecis><attscale Sync="TRUE">0</attscale></attr><attr><attrlabl Sync="TRUE">NewSEQ</attrlabl><attalias Sync="TRUE">NewSEQ</attalias><attrtype Sync="TRUE">Integer</attrtype><attwidth Sync="TRUE">10</attwidth><atprecis Sync="TRUE">10</atprecis><attscale Sync="TRUE">0</attscale></attr><attr><attrlabl Sync="TRUE">Shape_Leng</attrlabl><attalias Sync="TRUE">Shape_Leng</attalias><attrtype Sync="TRUE">Double</attrtype><attwidth Sync="TRUE">19</attwidth><atprecis Sync="TRUE">0</atprecis><attscale Sync="TRUE">0</attscale></attr></detailed></eainfo><mdDateSt Sync="TRUE">20220128</mdDateSt></metadata>
